sample_id,genotype_rs12916,HMGCR_expression,age,sex,PC1
GTEX-0000,1,-1.1661,32,1,-0.4894
GTEX-0001,2,-1.7865,51,1,1.0442
GTEX-0002,1,-0.5316,57,1,0.6819
GTEX-0003,1,0.4315,52,0,1.8467
GTEX-0004,0,-0.1098,27,1,0.5839
GTEX-0005,0,-1.1394,51,0,-0.3593
GTEX-0006,0,-0.1217,36,0,0.5907
GTEX-0007,2,-0.0616,60,1,1.1087
GTEX-0008,1,-1.0068,56,0,0.8205
GTEX-0009,1,-0.3094,41,0,0.5073
GTEX-0010,0,-0.0884,46,0,1.0667
GTEX-0011,2,-1.8618,39,0,1.1693
GTEX-0012,2,-0.4511,51,0,1.3822
GTEX-0013,0,0.7702,63,1,0.6487
GTEX-0014,0,0.5168,40,0,-0.1671
GTEX-0015,0,0.919,58,1,0.1467
GTEX-0016,0,-0.9627,46,1,1.2065
GTEX-0017,1,-1.385,42,0,-0.8169
GTEX-0018,1,-0.0571,51,0,0.3687
GTEX-0019,0,-0.0443,40,0,-0.3933
GTEX-0020,1,-0.0419,45,1,0.0287
GTEX-0021,0,2.6699,38,0,1.2785
GTEX-0022,0,1.2009,76,1,0.1911
GTEX-0023,1,0.6594,52,0,0.0464
GTEX-0024,1,0.2844,44,1,-1.3599
GTEX-0025,1,0.4564,55,0,0.7463
GTEX-0026,0,-0.174,51,0,0.6455
GTEX-0027,1,0.2647,49,1,2.1633
GTEX-0028,1,-0.9782,59,1,-0.3078
GTEX-0029,0,0.2196,61,0,0.2192
GTEX-0030,1,-0.8972,46,1,0.2494
GTEX-0031,0,-0.239,45,0,1.5775
GTEX-0032,0,1.994,49,1,-0.0953
GTEX-0033,2,-2.4098,24,1,0.279
GTEX-0034,2,-0.3726,34,0,0.6079
GTEX-0035,1,-1.2638,68,0,0.1866
GTEX-0036,0,0.0819,72,0,-0.4464
GTEX-0037,0,0.9965,49,1,0.1941
GTEX-0038,1,0.0173,59,1,1.0736
GTEX-0039,1,-1.1041,56,0,-1.0265
GTEX-0040,0,0.1782,89,0,0.133
GTEX-0041,1,0.5474,65,1,-0.7001
GTEX-0042,0,-0.5997,50,1,1.195
GTEX-0043,2,-0.6749,41,1,-1.5232
GTEX-0044,0,-0.5128,33,0,-0.5589
GTEX-0045,1,-0.8411,54,0,0.3772
GTEX-0046,0,1.4363,43,0,1.5655
GTEX-0047,1,-0.1932,35,1,-0.0658
GTEX-0048,1,-2.1121,44,0,-0.5552
GTEX-0049,0,0.1284,39,1,1.8812
GTEX-0050,2,-0.7376,72,0,-1.448
GTEX-0051,1,0.4949,63,1,-2.1988
GTEX-0052,2,-1.333,52,1,0.44
GTEX-0053,2,-0.2377,70,1,-0.5021
GTEX-0054,1,-0.0243,53,0,-1.0212
GTEX-0055,2,-0.2299,42,0,0.7084
GTEX-0056,0,-0.5452,70,0,0.2438
GTEX-0057,0,-0.1444,58,1,-0.5641
GTEX-0058,0,-0.5094,40,1,-1.2803
GTEX-0059,0,-0.5961,50,1,0.8725
GTEX-0060,1,0.8822,41,1,0.6502
GTEX-0061,0,0.116,35,1,-0.0992
GTEX-0062,2,-1.648,63,0,1.8466
GTEX-0063,1,0.9883,75,1,-1.0701
GTEX-0064,0,1.3558,35,0,-1.5255
GTEX-0065,1,0.6712,59,0,-0.6919
GTEX-0066,0,-1.3531,44,0,-0.0456
GTEX-0067,1,-0.721,46,0,0.2433
GTEX-0068,0,0.8861,45,0,-0.2412
GTEX-0069,2,-1.4091,42,1,0.3521
GTEX-0070,1,0.0373,53,0,-1.2515
GTEX-0071,0,0.574,42,1,1.4438
GTEX-0072,0,-0.6767,55,0,-0.0822
GTEX-0073,1,-0.4136,51,0,1.1173
GTEX-0074,1,-3.0732,49,0,0.3427
GTEX-0075,1,-1.4558,41,0,0.4568
GTEX-0076,1,-0.7323,45,1,0.5698
GTEX-0077,0,-0.6433,61,0,0.4477
GTEX-0078,1,1.0515,58,1,0.6427
GTEX-0079,0,-1.4534,40,0,1.3292
GTEX-0080,2,-1.0039,53,1,0.1965
GTEX-0081,1,0.1241,61,1,0.709
GTEX-0082,0,0.8235,32,1,-0.0897
GTEX-0083,0,-0.8839,59,0,1.4401
GTEX-0084,0,0.7032,44,0,-0.6764
GTEX-0085,0,0.1761,59,0,1.8009
GTEX-0086,1,-1.2987,43,1,-0.0402
GTEX-0087,1,-0.2058,30,0,-1.4308
GTEX-0088,2,-1.0595,32,0,0.1281
GTEX-0089,1,-0.6792,53,1,-0.6811
GTEX-0090,0,0.1792,55,0,0.8406
GTEX-0091,1,-0.7369,41,1,-0.6526
GTEX-0092,1,-0.1177,60,0,-0.4462
GTEX-0093,1,-0.2333,32,0,-1.8895
GTEX-0094,1,1.0032,51,1,-0.4523
GTEX-0095,1,-1.655,37,0,-2.4239
GTEX-0096,1,1.3928,44,1,-1.5839
GTEX-0097,1,-1.6706,53,0,0.7604
GTEX-0098,0,-0.3772,42,0,0.7858
GTEX-0099,0,0.3337,47,1,0.4255
GTEX-0100,0,0.556,64,1,-0.967
GTEX-0101,1,-0.6302,45,1,-0.0477
GTEX-0102,0,-0.0469,62,0,-0.0036
GTEX-0103,1,-0.7605,38,1,-1.1584
GTEX-0104,2,-0.8837,58,0,1.5034
GTEX-0105,0,0.9643,69,0,0.8774
GTEX-0106,1,-0.5075,22,1,-0.221
GTEX-0107,1,-0.9415,42,0,0.0269
GTEX-0108,0,0.9218,59,1,0.2084
GTEX-0109,0,0.1855,50,0,-2.0417
GTEX-0110,0,0.6721,56,0,-0.2472
GTEX-0111,0,0.3622,45,1,-0.682
GTEX-0112,2,-1.3081,53,1,-1.0016
GTEX-0113,1,-0.8605,50,1,-0.2811
GTEX-0114,1,0.6312,66,1,1.7977
GTEX-0115,2,-0.1287,55,1,0.6408
GTEX-0116,1,-0.1633,56,1,-0.5712
GTEX-0117,0,-0.0617,47,1,0.5726
GTEX-0118,2,0.2352,46,0,1.3994
GTEX-0119,1,-0.8399,47,0,0.9246
GTEX-0120,1,-0.0117,57,0,0.0596
GTEX-0121,2,-0.8243,47,1,-0.6469
GTEX-0122,0,0.1086,55,1,0.6982
GTEX-0123,0,1.2581,77,0,0.3935
GTEX-0124,0,1.1276,62,1,0.8952
GTEX-0125,1,0.3627,48,1,0.6352
GTEX-0126,1,0.9039,66,0,1.0496
GTEX-0127,2,-0.6888,47,1,-0.5352
GTEX-0128,0,0.2214,28,1,1.3174
GTEX-0129,1,-0.8306,40,0,0.1976
GTEX-0130,1,-0.3768,30,1,2.0753
GTEX-0131,0,-0.2762,48,0,-0.6892
GTEX-0132,0,0.1945,52,1,1.736
GTEX-0133,1,0.4848,72,1,0.1979
GTEX-0134,2,-1.1857,56,1,-0.6514
GTEX-0135,0,1.5235,49,0,-0.4839
GTEX-0136,1,-0.9284,62,1,-0.3203
GTEX-0137,1,-1.6377,25,1,0.4242
GTEX-0138,1,0.7456,55,0,0.5228
GTEX-0139,2,0.2742,61,1,-0.5737
GTEX-0140,2,-0.6699,34,0,-0.0244
GTEX-0141,0,0.851,66,1,2.1423
GTEX-0142,1,-0.1585,56,0,1.7275
GTEX-0143,0,-0.8036,47,0,0.4363
GTEX-0144,0,0.4526,60,0,0.038
GTEX-0145,0,0.1376,79,1,0.12
GTEX-0146,1,0.4893,54,0,0.6135
GTEX-0147,1,-0.3386,55,1,-1.0228
GTEX-0148,0,-0.767,46,0,-0.2574
GTEX-0149,0,-0.4724,42,0,-1.6686
GTEX-0150,2,0.0012,62,1,0.3992
GTEX-0151,0,-0.4553,42,1,0.6472
GTEX-0152,0,-0.7164,53,0,-0.4832
GTEX-0153,1,-0.3082,46,1,1.574
GTEX-0154,2,-0.4676,58,1,-1.2258
GTEX-0155,0,-0.1748,56,1,-1.4644
GTEX-0156,1,-0.5972,64,0,0.2245
GTEX-0157,1,-0.4996,46,0,1.0471
GTEX-0158,0,-1.0796,49,1,1.6839
GTEX-0159,1,-1.4667,40,0,-0.4589
GTEX-0160,1,-0.9254,47,1,1.0787
GTEX-0161,1,-0.2369,57,1,-0.0385
GTEX-0162,1,0.1869,61,1,-0.1726
GTEX-0163,1,0.7004,41,1,0.8837
GTEX-0164,0,1.078,62,1,0.6523
GTEX-0165,2,-0.537,68,0,-1.5764
GTEX-0166,0,0.2115,57,1,1.4765
GTEX-0167,0,-0.3099,75,0,1.3801
GTEX-0168,0,-0.2616,43,0,-0.6256
GTEX-0169,1,-0.6817,37,1,0.3958
GTEX-0170,1,-0.4293,31,1,0.494
GTEX-0171,0,-0.2774,70,1,0.2607
GTEX-0172,1,0.3791,60,1,-0.5503
GTEX-0173,0,1.1163,51,0,-0.6716
GTEX-0174,1,-0.3742,55,0,-0.0256
GTEX-0175,0,0.1405,38,1,1.1727
GTEX-0176,1,0.8907,81,0,0.5436
GTEX-0177,1,-0.5835,54,0,-0.3706
GTEX-0178,2,-0.5032,53,0,0.7717
GTEX-0179,0,0.2719,61,0,-2.8485
GTEX-0180,1,-0.0128,58,0,1.1488
GTEX-0181,0,-0.5026,55,0,-1.7397
GTEX-0182,2,-0.8594,43,0,-0.3624
GTEX-0183,2,-0.3128,58,0,-1.1197
GTEX-0184,0,1.6144,75,1,-1.2947
GTEX-0185,1,0.7069,68,0,1.1608
GTEX-0186,1,1.6916,71,0,-0.4677
GTEX-0187,1,-1.0026,46,1,0.3465
GTEX-0188,1,0.1135,40,0,-0.0469
GTEX-0189,0,0.2596,50,1,0.477
GTEX-0190,0,1.8648,53,1,0.0768
GTEX-0191,2,-1.038,65,0,-1.283
GTEX-0192,2,-1.7653,32,0,0.9963
GTEX-0193,1,-0.5671,70,1,-0.4938
GTEX-0194,1,-2.0831,50,1,-1.5566
GTEX-0195,1,-0.885,47,0,-0.4281
GTEX-0196,1,-1.2183,40,1,1.5008
GTEX-0197,2,-0.9197,32,0,0.8502
GTEX-0198,2,0.0265,62,1,-0.3487
GTEX-0199,1,1.2928,53,0,-0.3493
GTEX-0200,1,0.189,37,1,-0.3216
GTEX-0201,0,-0.5325,36,1,2.0767
GTEX-0202,0,-0.6839,48,1,0.3819
GTEX-0203,2,0.0598,72,0,0.43
GTEX-0204,1,-1.5275,49,0,1.0303
GTEX-0205,0,1.0749,34,0,0.2388
GTEX-0206,0,0.8447,49,0,-0.259
GTEX-0207,1,-0.7683,49,0,-0.1963
GTEX-0208,0,-1.8945,20,1,-0.0716
GTEX-0209,0,1.0634,51,0,-0.0372
GTEX-0210,1,-0.4579,49,0,0.7276
GTEX-0211,1,1.0193,60,1,0.0519
GTEX-0212,1,-0.9906,74,1,0.7326
GTEX-0213,0,-0.248,66,1,-0.0807
GTEX-0214,1,-0.5612,49,1,0.0786
GTEX-0215,0,-0.129,39,0,-1.9982
GTEX-0216,0,0.1233,83,0,0.9163
GTEX-0217,1,0.2458,53,1,0.3465
GTEX-0218,1,-1.2211,52,1,0.998
GTEX-0219,2,-0.9941,52,0,-2.8963
GTEX-0220,1,-0.0596,54,1,2.0884
GTEX-0221,1,0.0975,50,0,-0.1396
GTEX-0222,0,0.3716,45,0,1.1082
GTEX-0223,1,-1.5488,45,1,-1.0399
GTEX-0224,0,-1.1819,52,1,0.6128
GTEX-0225,0,1.0213,45,1,-1.0534
GTEX-0226,2,-0.762,43,0,-0.6238
GTEX-0227,1,-0.8105,53,1,1.914
GTEX-0228,2,0.4794,49,0,-0.1907
GTEX-0229,1,0.1605,70,0,0.2174
GTEX-0230,1,0.0654,20,1,0.8701
GTEX-0231,1,-0.0333,65,1,0.4957
GTEX-0232,1,1.8183,67,1,0.1504
GTEX-0233,1,0.6384,27,1,0.365
GTEX-0234,0,-0.1819,48,1,2.4034
GTEX-0235,1,0.3539,48,1,-0.0576
GTEX-0236,0,0.132,35,0,0.2011
GTEX-0237,0,0.8264,43,0,1.0507
GTEX-0238,1,-1.3992,39,0,1.1055
GTEX-0239,0,1.14,73,0,1.187
GTEX-0240,2,0.3295,63,1,0.6387
GTEX-0241,2,-1.9683,67,0,-1.143
GTEX-0242,2,-1.3195,61,0,1.6334
GTEX-0243,1,-2.2823,38,0,-1.1463
GTEX-0244,0,-0.3024,46,1,0.3026
GTEX-0245,2,0.098,58,0,-0.7543
GTEX-0246,1,0.5913,37,1,-0.0641
GTEX-0247,2,-0.2781,61,0,0.3288
GTEX-0248,2,0.6107,49,0,0.3214
GTEX-0249,2,-1.8329,48,1,0.4219
