SNP,CHR,POS,EA,NEA,GENE,BETA_LDL,SE_LDL,P_LDL,EAF,BETA_CAD,SE_CAD,P_CAD,F_stat
rs12916,5,74656528,T,C,HMGCR,-0.152,0.005,0.0,0.42,-0.08,0.0037,0.0,924.2
rs2479409,1,55496039,G,A,PCSK9,-0.098,0.005,0.0,0.79,-0.0442,0.0044,0.0,384.2
rs11591147,1,55505647,T,G,PCSK9,-0.33,0.018,0.0,0.02,-0.1665,0.0129,0.0,336.1
rs3764261,16,56995528,A,C,CETP,0.158,0.005,0.0,0.33,0.0713,0.0039,0.0,998.6
rs1367117,2,21263900,A,G,APOB,-0.153,0.006,0.0,0.79,-0.0788,0.0044,0.0,650.2
rs4299376,2,44073881,G,T,ABCG5/8,0.082,0.005,0.0,0.74,0.0505,0.0041,0.0,269.0
rs6544713,2,44100476,T,C,ABCG5/8,-0.063,0.005,0.0,0.2,-0.0419,0.0045,0.0,158.8
rs13326165,3,8691499,A,G,CELSR2,0.047,0.006,0.0,0.28,0.0205,0.004,0.0,61.4
rs629301,1,109818468,T,C,SORT1,-0.098,0.005,0.0,0.41,-0.0429,0.0037,0.0,384.2
rs6511720,19,11202306,T,G,LDLR,0.195,0.007,0.0,0.89,0.0899,0.0058,0.0,776.0
rs1564348,19,11216173,C,T,LDLR,0.071,0.007,0.0,0.21,0.0298,0.0044,0.0,102.9
rs55730499,6,161005610,T,C,LPA,-0.214,0.013,0.0,0.06,-0.1006,0.0076,0.0,271.0
rs10455872,6,160589086,A,G,LPA,-0.332,0.018,0.0,0.07,-0.1549,0.0071,0.0,340.2
rs3890182,11,116648917,A,G,APOA1,-0.058,0.005,0.0,0.35,-0.0303,0.0038,0.0,134.6
rs964184,11,116648917,G,C,APOA5,-0.073,0.005,0.0,0.13,-0.04,0.0054,0.0,213.2
rs2954029,8,126490972,A,T,TRIB1,-0.043,0.005,0.0,0.39,-0.023,0.0037,0.0,74.0
rs7679,8,126626689,C,T,TRIB1,0.038,0.005,0.0,0.25,0.0311,0.0042,0.0,57.8
rs714839,8,126498249,A,G,TRIB1,-0.041,0.005,0.0,0.47,-0.0095,0.0036,0.008722,67.2
rs7350481,11,102837830,C,A,UBASH3B,0.059,0.005,0.0,0.31,0.0351,0.0039,0.0,139.2
rs12027135,1,26093141,A,G,ANGPTL3,0.052,0.005,0.0,0.55,0.0262,0.0036,0.0,108.2
rs2131925,19,8433994,T,G,ANGPTL4,-0.081,0.006,0.0,0.74,-0.0377,0.0041,0.0,182.2
rs11220463,1,150956693,A,G,PABPC4,-0.059,0.006,0.0,0.23,-0.021,0.0043,1e-06,96.7
rs2228671,19,11078813,T,C,LDLR,0.117,0.008,0.0,0.15,0.0521,0.0051,0.0,213.9
rs4665058,2,163148177,C,A,ABCB11,0.044,0.005,0.0,0.46,0.0281,0.0036,0.0,77.4
rs2720709,20,42995510,C,T,MAFB,0.045,0.006,0.0,0.71,0.0134,0.004,0.000783,56.2
rs4846914,1,63069242,G,A,GALNT2,-0.047,0.005,0.0,0.37,-0.0254,0.0038,0.0,88.4
rs267733,1,63070696,A,G,GALNT2,-0.061,0.006,0.0,0.19,-0.0218,0.0046,2e-06,103.4
rs12708980,5,156382565,C,T,TIMD4,0.062,0.005,0.0,0.58,0.0232,0.0037,0.0,153.8
rs1044498,6,12296219,C,A,ENPP1,0.042,0.006,0.0,0.31,0.0199,0.0039,0.0,49.0
rs7703051,5,74640285,A,G,HMGCR,-0.044,0.006,0.0,0.31,-0.0257,0.0039,0.0,53.8
rs17321515,7,44600636,A,G,NXPH1,0.052,0.006,0.0,0.39,0.0221,0.0037,0.0,75.1
rs10503669,8,9869886,A,C,LPL,-0.079,0.006,0.0,0.16,-0.0521,0.0049,0.0,173.4
rs328,8,19813529,G,C,LPL,0.109,0.01,0.0,0.1,0.0416,0.006,0.0,118.8
rs2197089,8,19856724,A,G,LPL,-0.052,0.005,0.0,0.46,-0.0294,0.0036,0.0,108.2
rs7844965,8,126521455,C,T,TRIB1,0.038,0.005,0.0,0.64,0.0247,0.0038,0.0,57.8
rs12748152,1,19908398,T,C,PCSK9_prox,0.053,0.006,0.0,0.69,0.0242,0.0039,0.0,78.0
rs11065987,12,111569952,G,A,BRAP,-0.042,0.005,0.0,0.57,-0.02,0.0037,0.0,70.6
rs17465637,1,236807205,C,A,MIA3,-0.041,0.005,0.0,0.73,-0.0154,0.0041,0.000159,67.2
rs9818870,3,141121877,T,C,MRAS,-0.039,0.005,0.0,0.21,-0.0231,0.0044,0.0,60.8
rs1122608,1,55259615,G,T,SMAD3_prox,-0.043,0.006,0.0,0.74,-0.0214,0.0041,0.0,51.4
rs3857974,19,19418976,C,T,PEPD,-0.062,0.006,0.0,0.24,-0.0348,0.0042,0.0,106.8
rs7412,19,45412079,T,C,APOE,0.38,0.01,0.0,0.08,0.1815,0.0067,0.0,1444.0
rs429358,19,45411941,C,T,APOE,-0.38,0.01,0.0,0.85,-0.1912,0.0051,0.0,1444.0
rs4420638,19,45422946,A,G,APOE_reg,-0.093,0.006,0.0,0.82,-0.0431,0.0047,0.0,240.2
rs737337,19,45414451,T,C,APOE_reg,-0.055,0.006,0.0,0.32,-0.0259,0.0039,0.0,84.0
rs1801701,1,55268631,C,T,PCSK9_var,-0.048,0.007,0.0,0.12,-0.0234,0.0056,2.8e-05,47.0
rs578455,5,74683053,A,G,HMGCR_reg,0.038,0.005,0.0,0.55,0.0314,0.0036,0.0,57.8
rs2303152,2,44075461,G,A,ABCG8,0.041,0.006,0.0,0.27,0.0241,0.0041,0.0,46.7
rs6453536,9,107635983,G,A,SLC44A1,-0.04,0.005,0.0,0.45,-0.015,0.0036,3.8e-05,64.0
rs12149545,4,88550930,T,C,FAM13AOS,0.049,0.006,0.0,0.42,0.0361,0.0037,0.0,66.7
rs13238203,3,12324580,G,A,CELSR2_2,-0.043,0.006,0.0,0.23,-0.0269,0.0043,0.0,51.4
rs1260326,2,27730940,T,C,GCKR,-0.046,0.005,0.0,0.41,-0.0272,0.0037,0.0,84.6
rs780094,2,27594741,C,T,GCKR_2,-0.052,0.005,0.0,0.4,-0.0174,0.0037,3e-06,108.2
rs2071559,5,156381902,C,T,TIMD4_2,0.041,0.006,0.0,0.43,0.015,0.0037,4.1e-05,46.7
rs12654264,8,19813553,A,T,LPL_2,0.082,0.006,0.0,0.39,0.0391,0.0037,0.0,186.8
rs7819412,8,126470975,A,G,TRIB1_2,-0.037,0.005,0.0,0.58,-0.0136,0.0037,0.000208,54.8
rs7756992,6,20679709,A,G,CDKAL1,-0.041,0.006,0.0,0.45,-0.0153,0.0036,2.7e-05,46.7
rs9872054,3,141147746,C,T,MRAS_2,-0.038,0.006,0.0,0.36,-0.009,0.0038,0.017308,40.1
rs2341520,3,141088584,C,T,MRAS_3,-0.039,0.005,0.0,0.54,-0.0113,0.0036,0.001918,60.8
rs12328675,8,126505638,C,T,TRIB1_3,0.037,0.005,0.0,0.35,0.0229,0.0038,0.0,54.8
rs2075650,19,45395619,G,A,TOMM40,-0.081,0.008,0.0,0.17,-0.0409,0.0048,0.0,102.5
rs6929846,6,12883816,A,G,OR2J2,0.042,0.006,0.0,0.31,0.0263,0.0039,0.0,49.0
rs2954033,8,126490958,A,T,TRIB1_4,-0.04,0.005,0.0,0.42,-0.0184,0.0037,1e-06,64.0
rs10892151,9,107645740,G,A,SLC44A1_2,0.039,0.005,0.0,0.63,0.0116,0.0038,0.002082,60.8
rs6587981,3,141022977,C,A,MRAS_4,-0.04,0.006,0.0,0.36,-0.0124,0.0038,0.001052,44.4
rs11246602,12,21351394,T,C,SCARB1,0.046,0.006,0.0,0.33,0.028,0.0039,0.0,58.8
rs4765127,12,125335237,T,G,HNF1A,-0.048,0.006,0.0,0.39,-0.0229,0.0037,0.0,64.0
rs1169288,12,120979150,A,C,HNF1A_2,-0.043,0.005,0.0,0.38,-0.0216,0.0037,0.0,74.0
rs2144300,2,44071034,T,C,ABCG5_2,-0.038,0.005,0.0,0.57,-0.0248,0.0037,0.0,57.8
rs11220462,1,150956693,A,G,PABPC4_2,0.038,0.005,0.0,0.31,0.0202,0.0039,0.0,57.8
rs1801704,1,55268631,C,T,PCSK9_var2,-0.041,0.006,0.0,0.14,-0.0153,0.0052,0.003329,46.7
rs2642442,1,55438011,G,A,PCSK9_var3,-0.039,0.006,0.0,0.23,-0.0236,0.0043,0.0,42.2
rs7515577,1,150940491,A,G,PABPC4_3,-0.041,0.005,0.0,0.68,-0.0141,0.0039,0.00028,67.2
rs1564348b,19,11210097,T,C,LDLR_2,0.052,0.007,0.0,0.27,0.0203,0.0041,1e-06,55.2
rs2228603,15,58723675,T,C,NARG2,0.055,0.006,0.0,0.3,0.0167,0.004,2.5e-05,84.0
rs9987289,7,44581248,G,A,NXPH1_2,0.041,0.006,0.0,0.38,0.0237,0.0037,0.0,46.7
rs12539931,3,12376968,G,A,CELSR2_3,-0.039,0.006,0.0,0.27,-0.0234,0.0041,0.0,42.2
